,AAPL,^GSPC
AAPL,1.0,0.544578658289
^GSPC,0.544578658289,1.0
