,AAPL,^OEX
AAPL,0.00937392019190045,0.002137691640962421
^OEX,0.002137691640962421,0.0016205751511798037
