,agg,spy,shy
agg,1.0,-0.275951571359,0.818742635591
spy,-0.275951571359,1.0,-0.244264390719
shy,0.818742635591,-0.244264390719,1.0
