,agg,spy,shy
agg,1.0,-0.276544000505,0.817972261992
spy,-0.276544000505,1.0,-0.246927129785
shy,0.817972261992,-0.246927129785,1.0
