,spy,iwm,mdy
spy,1.0,0.846581804145,0.885551141608
iwm,0.846581804145,1.0,0.957476377419
mdy,0.885551141608,0.957476377419,1.0
