,agg,spy,shy
agg,1.0,-0.276873596572,0.818297333377
spy,-0.276873596572,1.0,-0.247089328152
shy,0.818297333377,-0.247089328152,1.0
