,spy,iwm,mdy
spy,1.0,0.846661409328,0.885576282822
iwm,0.846661409328,1.0,0.957563297325
mdy,0.885576282822,0.957563297325,1.0
