,spy,iwm,mdy
spy,1.0,0.846716368861,0.885547635191
iwm,0.846716368861,1.0,0.957540168478
mdy,0.885547635191,0.957540168478,1.0
