,agg,spy,shy
agg,1.0,-0.276655133586,0.818570411707
spy,-0.276655133586,1.0,-0.246342396676
shy,0.818570411707,-0.246342396676,1.0
