,agg,spy,shy
agg,1.0,-0.276542865734,0.818261427297
spy,-0.276542865734,1.0,-0.246528421554
shy,0.818261427297,-0.246528421554,1.0
