,agg,spy,shy
agg,1.0,-0.277078260103,0.818499598389
spy,-0.277078260103,1.0,-0.247093324371
shy,0.818499598389,-0.247093324371,1.0
